abun_mean_offset,abun_n_offset,abun_sd_offset,abun_se_offset,bio_mean_offset,bio_n_offset,bio_sd_offset,bio_se_offset,even_mean_offset,even_n_offset,even_sd_offset,even_se_offset,rich_mean_offset,rich_n_offset,rich_sd_offset,rich_se_offset,shan_mean_offset,shan_n_offset,shan_sd_offset,shan_se_offset,simp_mean_offset,simp_n_offset,simp_sd_offset,simp_se_offset,func_mean_offset,func_n_offset,func_sd_offset,func_se_offset
86.37719683452318,16,80.49217885028231,20.12304471257058,20.734640905466257,16,18.142817854844957,4.535704463711239,0.006140400398210594,16,0.01522546051165562,0.003806365127913905,3.708912673485769,16,2.9290936260629783,0.7322734065157446,0.9484376161622313,16,0.7160387710445615,0.17900969276114037,0.5773076035124485,16,0.43390337244536364,0.10847584311134091,0.04394677469499837,16,0.04593773094227935,0.011484432735569837
