Indices,mean_offset,n_offset,sd_offset,se_offset
Abundance,86.37719683,16,80.49217885,20.12304471
Biomass,20.73464091,16,18.14281785,4.535704464
Evenness,0.0061404,16,0.015225461,0.003806365
Richness ,3.708912673,16,2.929093626,0.732273407
Shannon,0.948437616,16,0.716038771,0.179009693
Simpson,0.577307604,16,0.433903372,0.108475843
Functional,0.043946775,16,0.045937731,0.011484433